,GENDER_GUESS
0,unknown
1,unknown
2,unknown
3,unknown
4,unknown
5,female
6,unknown
7,unknown
8,unknown
9,unknown
10,unknown
11,unknown
12,unknown
13,unknown
14,unknown
15,unknown
16,unknown
17,unknown
18,male
19,unknown
21,unknown
22,male
23,unknown
24,unknown
25,unknown
26,unknown
27,unknown
28,male
29,unknown
30,male
31,unknown
32,unknown
33,unknown
34,unknown
35,female
36,unknown
37,unknown
38,unknown
39,unknown
40,male
41,male
42,unknown
43,male
44,unknown
45,male
46,unknown
47,unknown
48,unknown
49,male
51,unknown
52,male
53,male
54,unknown
55,unknown
56,unknown
57,unknown
58,unknown
59,unknown
60,unknown
61,male
62,male
63,unknown
64,unknown
65,mostly_male
66,female
67,unknown
68,male
69,male
70,unknown
71,male
72,unknown
73,unknown
74,unknown
75,unknown
76,unknown
78,unknown
79,unknown
80,unknown
81,mostly_male
82,unknown
83,unknown
85,unknown
86,male
88,male
90,unknown
91,unknown
92,male
93,male
94,male
95,unknown
97,male
98,unknown
99,unknown
100,unknown
101,female
103,male
104,unknown
105,male
106,female
107,male
108,unknown
109,unknown
110,unknown
111,unknown
112,unknown
113,unknown
115,male
116,female
117,female
118,unknown
120,unknown
122,unknown
123,male
124,unknown
125,unknown
126,unknown
127,unknown
128,unknown
129,unknown
130,unknown
131,unknown
132,unknown
133,unknown
134,unknown
135,male
136,unknown
137,unknown
139,male
140,unknown
141,unknown
142,unknown
143,unknown
144,unknown
145,female
146,unknown
147,andy
148,unknown
149,unknown
150,unknown
151,unknown
152,male
153,unknown
154,unknown
155,male
156,unknown
158,unknown
159,unknown
160,unknown
161,unknown
162,unknown
163,mostly_male
164,unknown
165,male
167,unknown
168,unknown
169,unknown
170,unknown
171,unknown
172,male
173,male
174,unknown
175,female
176,unknown
177,male
178,unknown
180,unknown
181,male
182,unknown
183,unknown
184,female
185,unknown
186,unknown
187,unknown
188,unknown
189,male
191,unknown
192,unknown
193,unknown
194,male
196,male
197,unknown
198,female
199,unknown
201,male
202,unknown
203,mostly_male
204,unknown
205,unknown
206,male
207,unknown
208,unknown
210,unknown
211,male
212,unknown
213,unknown
214,male
215,unknown
216,unknown
217,female
219,unknown
220,unknown
221,unknown
222,unknown
223,male
224,unknown
225,female
226,unknown
227,unknown
228,male
229,unknown
230,unknown
231,unknown
233,unknown
234,unknown
235,unknown
236,unknown
237,unknown
238,unknown
239,unknown
240,unknown
241,unknown
242,unknown
243,unknown
244,male
245,unknown
246,unknown
247,unknown
248,unknown
249,male
250,unknown
251,unknown
252,unknown
253,unknown
256,unknown
257,male
258,unknown
259,male
260,unknown
261,male
262,male
263,unknown
264,unknown
265,unknown
266,unknown
267,unknown
268,unknown
269,unknown
270,male
271,unknown
272,unknown
273,unknown
274,unknown
275,unknown
276,male
277,male
278,unknown
279,male
280,unknown
281,unknown
282,unknown
283,unknown
284,male
285,unknown
286,unknown
287,unknown
288,unknown
289,unknown
290,unknown
291,unknown
292,unknown
293,unknown
294,unknown
295,unknown
296,male
297,unknown
298,unknown
299,unknown
300,unknown
301,unknown
302,male
303,unknown
304,unknown
305,mostly_male
306,male
307,unknown
309,unknown
310,unknown
311,unknown
312,unknown
313,unknown
315,unknown
316,male
317,unknown
318,unknown
319,unknown
320,unknown
321,unknown
322,unknown
323,unknown
324,male
325,unknown
326,unknown
327,unknown
329,male
330,unknown
331,unknown
332,unknown
334,unknown
335,mostly_female
336,unknown
337,andy
338,unknown
339,unknown
340,female
341,male
342,unknown
343,unknown
344,unknown
345,unknown
346,unknown
347,unknown
348,unknown
349,unknown
350,unknown
351,unknown
352,unknown
353,mostly_male
354,unknown
355,unknown
356,male
357,unknown
358,unknown
359,male
360,unknown
362,unknown
363,male
364,unknown
366,unknown
367,unknown
368,unknown
369,unknown
370,unknown
372,female
373,unknown
374,unknown
375,unknown
376,unknown
377,unknown
378,unknown
379,unknown
380,unknown
381,mostly_female
382,unknown
383,male
384,unknown
385,unknown
386,male
387,unknown
389,andy
390,unknown
391,unknown
392,male
393,female
394,female
395,unknown
397,unknown
398,unknown
399,male
400,male
401,unknown
402,unknown
403,unknown
404,female
405,unknown
406,unknown
407,unknown
408,male
409,unknown
410,unknown
411,unknown
412,unknown
413,unknown
414,mostly_female
416,unknown
417,male
418,female
419,unknown
421,female
422,male
423,unknown
425,unknown
426,unknown
428,unknown
429,male
430,unknown
431,unknown
433,unknown
436,male
437,male
438,unknown
439,unknown
441,unknown
442,unknown
443,unknown
444,female
445,female
446,unknown
447,male
448,unknown
449,unknown
450,unknown
451,unknown
452,unknown
453,female
454,male
455,unknown
456,unknown
457,male
458,unknown
460,unknown
461,unknown
462,unknown
463,unknown
464,unknown
465,unknown
466,unknown
468,unknown
469,unknown
470,unknown
471,unknown
473,unknown
474,unknown
475,unknown
476,unknown
477,unknown
478,unknown
479,unknown
480,unknown
481,female
482,unknown
483,unknown
484,unknown
485,female
486,unknown
487,unknown
488,unknown
489,unknown
490,mostly_female
492,unknown
493,unknown
494,unknown
495,mostly_female
498,unknown
499,unknown
500,male
501,unknown
502,unknown
504,unknown
506,unknown
507,unknown
508,unknown
509,unknown
510,unknown
511,unknown
512,unknown
513,female
514,unknown
515,unknown
516,unknown
517,unknown
518,unknown
519,unknown
520,male
521,female
522,unknown
524,unknown
525,male
527,unknown
529,unknown
530,male
531,unknown
532,unknown
533,unknown
535,unknown
536,unknown
537,unknown
538,female
539,male
540,male
541,unknown
542,unknown
543,unknown
544,unknown
545,unknown
546,male
547,unknown
549,male
550,unknown
551,male
552,male
553,unknown
555,unknown
556,unknown
557,unknown
558,unknown
559,unknown
560,unknown
561,male
562,unknown
563,unknown
564,male
565,male
566,male
569,unknown
571,unknown
572,unknown
573,unknown
574,unknown
575,unknown
577,unknown
578,male
579,female
580,unknown
581,unknown
582,female
583,unknown
584,unknown
585,unknown
586,unknown
587,unknown
588,unknown
589,mostly_female
590,mostly_female
591,unknown
592,male
593,unknown
594,female
595,unknown
596,female
597,unknown
598,unknown
599,unknown
600,unknown
603,unknown
604,unknown
605,male
606,unknown
607,male
608,female
609,unknown
610,unknown
611,unknown
612,female
613,unknown
614,unknown
616,male
617,male
618,unknown
619,unknown
620,unknown
621,unknown
622,unknown
623,unknown
624,unknown
625,unknown
626,unknown
627,unknown
628,unknown
629,unknown
632,male
633,unknown
634,female
635,male
636,unknown
638,unknown
639,unknown
640,unknown
641,unknown
642,female
643,unknown
644,unknown
645,male
646,male
647,male
648,unknown
649,male
650,unknown
651,unknown
652,unknown
653,unknown
654,unknown
655,unknown
656,unknown
657,unknown
658,male
659,unknown
660,unknown
661,unknown
662,unknown
663,unknown
664,male
665,male
666,female
667,male
668,male
669,male
670,unknown
671,unknown
672,unknown
673,unknown
674,unknown
675,unknown
676,unknown
677,male
678,unknown
679,unknown
680,unknown
681,unknown
682,unknown
683,male
684,male
685,unknown
686,unknown
687,unknown
688,unknown
689,unknown
690,unknown
691,unknown
692,unknown
693,unknown
695,female
696,unknown
698,unknown
699,unknown
700,male
701,unknown
702,female
703,unknown
704,unknown
705,unknown
706,unknown
707,unknown
708,male
709,unknown
710,unknown
712,unknown
713,unknown
714,male
715,unknown
717,unknown
718,unknown
719,unknown
720,unknown
721,unknown
722,unknown
723,male
724,unknown
726,unknown
727,male
728,unknown
729,male
730,male
731,male
732,mostly_male
733,male
734,male
735,male
736,mostly_male
737,unknown
738,unknown
739,unknown
740,unknown
741,male
742,unknown
743,unknown
744,unknown
745,male
747,unknown
748,unknown
749,male
750,male
752,unknown
753,unknown
754,male
755,unknown
756,unknown
757,unknown
758,unknown
759,unknown
760,male
761,unknown
762,unknown
763,unknown
764,male
765,male
766,unknown
767,unknown
768,unknown
769,andy
770,unknown
771,male
772,unknown
773,unknown
774,unknown
775,male
776,unknown
777,male
778,unknown
779,unknown
780,male
781,unknown
782,unknown
783,unknown
784,mostly_male
785,unknown
786,unknown
787,unknown
788,unknown
789,unknown
790,unknown
791,male
792,female
793,unknown
794,male
795,unknown
796,male
797,unknown
798,unknown
799,unknown
800,male
801,mostly_male
802,unknown
803,unknown
805,unknown
806,unknown
807,unknown
808,unknown
809,unknown
810,unknown
812,unknown
813,unknown
815,male
816,unknown
817,unknown
818,unknown
819,unknown
820,unknown
821,unknown
822,unknown
823,male
824,male
825,unknown
826,unknown
827,unknown
828,unknown
829,unknown
830,unknown
831,unknown
832,unknown
834,unknown
835,male
836,unknown
837,unknown
838,unknown
839,unknown
840,unknown
841,female
843,unknown
844,unknown
845,unknown
846,unknown
847,female
848,unknown
849,male
850,unknown
851,unknown
852,unknown
853,unknown
855,male
856,unknown
857,unknown
858,unknown
859,unknown
860,unknown
861,unknown
862,unknown
864,female
865,female
867,unknown
868,unknown
869,unknown
870,unknown
871,unknown
872,female
873,unknown
874,male
875,male
876,male
877,unknown
878,unknown
879,unknown
881,unknown
882,unknown
883,female
884,unknown
885,unknown
886,unknown
887,unknown
888,male
890,male
891,male
892,unknown
893,male
894,female
895,unknown
896,unknown
897,unknown
898,unknown
899,unknown
900,male
901,unknown
902,female
903,male
904,male
905,female
906,female
907,unknown
908,unknown
909,unknown
910,unknown
911,unknown
913,unknown
914,unknown
915,unknown
916,unknown
917,unknown
918,unknown
919,unknown
920,unknown
921,unknown
922,unknown
923,unknown
924,mostly_male
925,unknown
926,unknown
927,unknown
928,unknown
929,unknown
930,unknown
931,unknown
932,unknown
933,unknown
934,mostly_male
935,unknown
936,unknown
937,unknown
938,unknown
939,unknown
940,unknown
941,male
942,unknown
943,unknown
944,unknown
945,unknown
946,female
947,unknown
948,male
949,andy
950,unknown
951,unknown
952,unknown
953,unknown
954,unknown
955,unknown
956,male
957,unknown
958,unknown
959,unknown
960,unknown
961,unknown
962,unknown
964,male
965,unknown
966,female
967,unknown
968,male
969,unknown
970,unknown
971,unknown
972,unknown
973,unknown
975,unknown
976,unknown
977,unknown
978,unknown
979,male
980,unknown
981,female
982,unknown
983,unknown
984,unknown
985,unknown
987,unknown
988,unknown
989,unknown
990,female
991,unknown
992,unknown
993,male
994,unknown
995,male
996,unknown
997,unknown
998,unknown
999,unknown
1000,male
1001,male
1002,male
1003,male
1004,unknown
1005,unknown
1006,unknown
1007,male
1008,male
1009,unknown
1010,unknown
1011,andy
1012,unknown
1013,female
1014,unknown
1016,unknown
1017,unknown
1019,unknown
1020,male
1021,male
1022,unknown
1024,unknown
1026,male
1027,unknown
1028,unknown
1029,male
1030,unknown
1031,unknown
1032,unknown
1033,unknown
1035,unknown
1036,unknown
1037,unknown
1038,female
1039,unknown
1040,unknown
1041,unknown
1042,male
1043,unknown
1044,unknown
1045,unknown
1046,male
1047,male
1048,unknown
1049,male
1050,unknown
1051,unknown
1052,unknown
1053,unknown
1054,unknown
1055,unknown
1056,male
1057,unknown
1058,unknown
1059,unknown
1061,unknown
1062,unknown
1064,unknown
1065,unknown
1066,unknown
1067,unknown
1068,unknown
1069,unknown
1070,unknown
1071,male
1072,unknown
1073,unknown
1074,unknown
1075,male
1076,male
1077,male
1078,male
1079,unknown
1080,unknown
1082,female
1083,unknown
1084,unknown
1085,male
1086,unknown
1087,male
1088,unknown
1089,unknown
1090,unknown
1091,mostly_male
1092,unknown
1094,unknown
1095,unknown
1096,female
1097,unknown
1098,male
1100,unknown
1101,unknown
1102,unknown
1103,unknown
1104,unknown
1105,unknown
1107,male
1108,male
1109,male
1111,male
1112,male
1113,unknown
1115,unknown
1116,female
1117,male
1118,male
1120,male
1121,unknown
1122,mostly_female
1123,unknown
1124,unknown
1125,female
1127,unknown
1128,male
1129,unknown
1130,unknown
1131,unknown
1132,unknown
1133,unknown
1134,unknown
1135,male
1136,male
1137,unknown
1139,unknown
1140,unknown
1141,female
1143,unknown
1144,female
1145,male
1146,male
1147,unknown
1149,unknown
1150,unknown
1152,unknown
1153,unknown
1154,mostly_female
1155,unknown
1156,unknown
1157,unknown
1158,unknown
1161,male
1162,female
1163,unknown
1164,male
1165,unknown
1166,unknown
1167,unknown
1168,unknown
1169,unknown
1170,unknown
1171,unknown
1173,unknown
1175,unknown
1176,male
1177,unknown
1179,male
1180,unknown
1181,unknown
1182,unknown
1183,unknown
1184,male
1185,unknown
1186,female
1187,unknown
1188,unknown
1189,male
1190,unknown
1191,unknown
1192,unknown
1193,unknown
1194,male
1195,unknown
1196,unknown
1197,unknown
1198,mostly_male
1199,mostly_male
1200,male
1202,unknown
1203,unknown
1204,unknown
1205,unknown
1206,male
1207,unknown
1208,female
1209,male
1210,unknown
1211,unknown
1212,unknown
1213,unknown
1214,unknown
1215,male
1216,unknown
1217,unknown
1218,unknown
1220,unknown
1221,male
1222,unknown
1223,unknown
1224,unknown
1225,female
1226,male
1227,unknown
1228,unknown
1229,unknown
1230,unknown
1231,unknown
1232,unknown
1233,male
1235,unknown
1236,male
1237,male
1238,mostly_male
1239,unknown
1240,unknown
1243,unknown
1244,unknown
1245,unknown
1246,male
1247,unknown
1248,unknown
1249,unknown
1250,male
1251,unknown
1252,unknown
1253,unknown
1254,unknown
1255,unknown
1256,male
1258,unknown
1260,unknown
1261,unknown
1262,unknown
1263,male
1264,unknown
1265,unknown
1266,unknown
1268,unknown
1269,unknown
1271,unknown
1272,male
1273,unknown
1274,unknown
1275,unknown
1276,unknown
1278,unknown
1279,unknown
1280,unknown
1281,male
1283,unknown
1285,male
1286,unknown
1287,unknown
1288,female
1289,unknown
1291,unknown
1292,unknown
1293,unknown
1294,mostly_female
1295,unknown
1296,unknown
1297,unknown
1298,unknown
1299,unknown
1300,female
1301,unknown
1302,female
1303,male
1304,female
1305,mostly_female
1306,unknown
1307,unknown
1309,unknown
1310,unknown
1311,male
1313,male
1314,unknown
1315,unknown
1316,male
1318,unknown
1319,unknown
1321,male
1322,mostly_female
1324,unknown
1325,male
1326,unknown
1327,unknown
1328,unknown
1329,unknown
1330,male
1331,unknown
1333,unknown
1334,unknown
1335,unknown
1336,female
1337,unknown
1339,unknown
1340,unknown
1341,unknown
1342,unknown
1343,unknown
1344,female
1345,unknown
1346,unknown
1347,female
1348,unknown
1349,unknown
1350,unknown
1352,unknown
1353,unknown
1354,unknown
1356,unknown
1357,female
1358,unknown
1359,unknown
1360,unknown
1361,male
1362,unknown
1363,unknown
1364,unknown
1365,unknown
1366,male
1369,unknown
1370,unknown
1371,unknown
1372,unknown
1373,unknown
1374,male
1375,unknown
1376,female
1377,female
1378,female
1379,unknown
1380,unknown
1381,unknown
1382,unknown
1383,unknown
1384,mostly_female
1385,male
1386,unknown
1387,unknown
1388,female
1389,unknown
1390,unknown
1391,unknown
1392,male
1393,mostly_female
1394,unknown
1395,unknown
1396,female
1397,unknown
1398,unknown
1399,unknown
1400,unknown
1401,unknown
1402,unknown
1403,unknown
1405,unknown
1406,unknown
1407,unknown
1409,female
1410,unknown
1411,unknown
1412,unknown
1413,unknown
1414,unknown
1415,unknown
1416,unknown
1417,unknown
1418,female
1419,mostly_female
1420,female
1422,male
1423,unknown
1424,unknown
1425,mostly_female
1426,unknown
1427,unknown
1429,male
1430,unknown
1431,unknown
1432,unknown
1434,unknown
1435,unknown
1436,unknown
1437,unknown
1438,unknown
1439,unknown
1440,unknown
1441,unknown
1442,male
1443,male
1444,unknown
1445,female
1446,male
1447,unknown
1448,unknown
1449,male
1450,unknown
1451,male
1453,unknown
1454,unknown
1455,unknown
1457,unknown
1458,unknown
1459,unknown
1460,unknown
1461,male
1462,unknown
1464,unknown
1465,unknown
1466,male
1467,unknown
1468,unknown
1470,male
1471,male
1472,female
1473,unknown
1474,male
1475,unknown
1476,unknown
1477,male
1478,male
1479,unknown
1480,unknown
1481,male
1483,andy
1485,male
1486,male
1487,male
1488,unknown
1489,unknown
1490,unknown
1491,unknown
1492,unknown
1493,unknown
1494,unknown
1495,unknown
1497,unknown
1498,unknown
1499,male
1500,female
1501,unknown
1502,unknown
1503,unknown
1504,male
1505,unknown
1506,male
1507,mostly_male
1508,female
1509,unknown
1510,male
1511,unknown
1512,unknown
1513,unknown
1514,unknown
1515,male
1516,unknown
1517,unknown
1518,unknown
1519,male
1520,unknown
1521,unknown
1522,unknown
1523,unknown
1524,unknown
1526,unknown
1528,unknown
1529,unknown
1530,female
1532,unknown
1533,unknown
1534,unknown
1535,female
1536,unknown
1537,unknown
1538,unknown
1539,male
1541,unknown
1542,unknown
1543,male
1544,unknown
1545,unknown
1546,male
1547,unknown
1548,unknown
1549,unknown
1550,unknown
1551,mostly_male
1552,unknown
1553,unknown
1554,unknown
1555,unknown
1556,unknown
1558,unknown
1559,unknown
1560,unknown
1561,unknown
1562,female
1563,unknown
1564,unknown
1565,unknown
1567,unknown
1568,male
1569,unknown
1570,unknown
1572,unknown
1573,unknown
1574,unknown
1576,male
1577,unknown
1578,unknown
1579,unknown
1580,unknown
1582,female
1584,unknown
1585,unknown
1586,mostly_male
1587,unknown
1588,unknown
1589,unknown
1590,unknown
1591,unknown
1592,unknown
1593,male
1594,unknown
1595,unknown
1596,unknown
1597,unknown
1598,female
1599,unknown
1600,unknown
1602,unknown
1603,unknown
1604,unknown
1605,mostly_female
1606,unknown
1607,female
1608,unknown
1609,unknown
1610,male
1611,unknown
1612,unknown
1613,male
1614,unknown
1615,male
1616,male
1618,unknown
1619,unknown
1620,male
1621,male
1622,male
1624,unknown
1626,unknown
1627,unknown
1629,unknown
1630,unknown
1631,unknown
1632,unknown
1633,mostly_female
1634,male
1635,unknown
1636,unknown
1637,unknown
1638,andy
1639,unknown
1640,unknown
1641,unknown
1642,male
1643,unknown
1644,unknown
1646,unknown
1647,unknown
1648,unknown
1649,female
1651,unknown
1652,unknown
1653,unknown
1655,unknown
1656,female
1657,male
1658,unknown
1659,unknown
1660,unknown
1661,unknown
1662,unknown
1664,unknown
1665,unknown
1666,unknown
1667,unknown
1670,unknown
1671,unknown
1672,male
1674,male
1675,andy
1676,unknown
1677,unknown
1678,unknown
1679,male
1680,unknown
1681,unknown
1682,male
1683,female
1684,female
1685,unknown
1690,unknown
1691,male
1692,male
1694,unknown
1695,unknown
1696,unknown
1697,unknown
1698,unknown
1699,unknown
1701,
1702,
1703,
1704,
1705,
1706,
1707,
1709,
1710,
1711,
1712,
1713,
1714,
1716,
1717,
1718,
1719,
1720,
1721,
1722,
1723,
1724,
1725,
1726,
1727,
1728,
1730,
1732,
1733,
1734,
1735,
1736,
1738,
1739,
1740,
1741,
1742,
1743,
1744,
1745,
1746,
1747,
1748,
1749,
1750,
1751,
1752,
1754,
1755,
1756,
1758,
1759,
1762,
1765,
1766,
1767,
1768,
1769,
1770,
1771,
1772,
1774,
1775,
1776,
1777,
1779,
1780,
1781,
1783,
1784,
1785,
1786,
1787,
1788,
1789,
1790,
1791,
1793,
1794,
1796,
1798,
1799,
1801,
1802,
1804,
1805,
1806,
1808,
1809,
1810,
1812,
1813,
1814,
1815,
1816,
1817,
1818,
1820,
1821,
1822,
1823,
1824,
1826,
1827,
1830,
1831,
1832,
1834,
1835,
1837,
1838,
1839,
1841,
1843,
1844,
1846,
1847,
1848,
1849,
1850,
1851,
1852,
1853,
1854,
1855,
1856,
1857,
1858,
1859,
1863,
1865,
1866,
1867,
1868,
1871,
1872,
1873,
1874,
1875,
1876,
1878,
1879,
1882,
1890,
1892,
1893,
1895,
1896,
1897,
1900,
1901,
1902,
1903,
1906,
1908,
1909,
1910,
1911,
1912,
1913,
1914,
1915,
1916,
1918,
1919,
1920,
1921,
1924,
1925,
1926,
1929,
1930,
1931,
